brand_name,generic_name
Crocin,paracetamol
Dolo,paracetamol
Calpol,paracetamol
Combiflam,ibuprofen + paracetamol
Brufen,ibuprofen
Nurofen,ibuprofen
Voveran,diclofenac
Volini,diclofenac
Naprosyn,naproxen
Ecosprin,aspirin
Disprin,aspirin
Ultracet,tramadol
Contramal,tramadol
Pan,pantoprazole
Pan D,pantoprazole + domperidone
Omez,omeprazole
Nexpro,esomeprazole
Razo,rabeprazole
Aciloc,ranitidine
Zinetac,ranitidine
Pepfiz,famotidine
Gelusil,aluminium hydroxide + magnesium hydroxide
Digene,aluminium hydroxide + magnesium hydroxide
Eno,sodium bicarbonate
Mucaine,aluminium hydroxide
Sucral,sucralfate
Mox,amoxicillin
Amoxil,amoxicillin
Augmentin,amoxicillin clavulanate
Clavam,amoxicillin clavulanate
Azee,azithromycin
Zithromax,azithromycin
Azithral,azithromycin
Klaricid,clarithromycin
Claz,clarithromycin
Cifran,ciprofloxacin
Ciplox,ciprofloxacin
Lox,levofloxacin
Levoquin,levofloxacin
Doxt,doxycycline
Doxinate,doxycycline
Flagyl,metronidazole
Metrogyl,metronidazole
Taxim O,cefixime
Zifi,cefixime
Ceftas,cefixime
Zinnat,cefuroxime
Sporidex,cephalexin
Dalacin,clindamycin
Septra,trimethoprim sulfamethoxazole
Bactrim,trimethoprim sulfamethoxazole
Macrobid,nitrofurantoin
Cetzine,cetirizine
Okacet,cetirizine
Zyrtec,cetirizine
Lorfast,loratadine
Loratop,loratadine
Allegra,fexofenadine
Telfast,fexofenadine
Deslor,desloratadine
Xyzal,levocetirizine
Levozine,levocetirizine
Benadryl,diphenhydramine
Tedibar,diphenhydramine
Piriton,chlorpheniramine
Atarax,hydroxyzine
Sensival,rupatadine
Rupanex,rupatadine
Glycomet,metformin
Glucophage,metformin
Atorva,atorvastatin
Storvas,atorvastatin
Lipitor,atorvastatin
Amlip,amlodipine
Stamlo,amlodipine
Cosaar,losartan
Repace,losartan
Glycoril,glibenclamide
Daonil,glibenclamide
Thyronorm,levothyroxine
Eltroxin,levothyroxine
Warf,warfarin
Omnacortil,prednisolone
Wysolone,prednisolone
Asthalin,salbutamol
Ventolin,salbutamol
Fludac,fluoxetine
Prozac,fluoxetine
Serta,sertraline
Zoloft,sertraline
